{
    "gamma": 1.7498320803913754,
    "triplet_weight": 0.10982971934313586,
    "lr": 0.0005726156197846179,
    "weight_decay": 6.127090335153252e-05,
    "weight_smoothing": 0.23981443872462826
}