{
    "batch_size": 256,
    "gamma": 2.8475373439781944,
    "center_weight": 0.00879200064948808,
    "lr": 0.004814791321308304,
    "weight_decay": 0.001849482069081767,
    "weight_smoothing": 0.20354491513432654,
    "novel_multiplier": 2.703450114030043
}