{
    "batch_size": 512,
    "gamma": 2.815918647554365,
    "center_weight": 0.05126131728468472,
    "lr": 0.0024604308711499443,
    "weight_decay": 1.2438332585587312e-05,
    "weight_smoothing": 0.29183757966782686,
    "novel_multiplier": 9.193079352753259
}