{
    "batch_size": 512,
    "gamma": 1.0463966890651957,
    "center_weight": 0.017517079484725924,
    "lr": 0.0002639468255520689,
    "weight_decay": 1.7872238588396833e-05,
    "weight_smoothing": 0.4072991840302401,
    "novel_multiplier": 3.3348688514525
}