{
    "batch_size": 256,
    "gamma": 2.2037624298340117,
    "center_weight": 0.05683736465947828,
    "lr": 0.002160608370344844,
    "weight_decay": 0.0030342574418247945,
    "weight_smoothing": 0.6352685005847527,
    "novel_multiplier": 12.801884149189087
}