{
    "batch_size": 4096,
    "gamma": 2.469268748942006,
    "center_weight": 0.011101800559182076,
    "lr": 0.002087705945080096,
    "weight_decay": 0.0004988584777934329,
    "weight_smoothing": 0.6479564034954448,
    "novel_multiplier": 6.437775291367144
}