{
    "gamma": 2.812118743045938,
    "center_weight": 0.012201685985940375,
    "lr": 0.000676918267804777,
    "weight_decay": 0.00006128145676031255,
    "weight_smoothing": 0.20177982304710695
}