{
    "batch_size": 256,
    "gamma": 1.29180084344594,
    "center_weight": 0.09726952533534505,
    "lr": 0.002530972350228802,
    "weight_decay": 0.009070620596377412,
    "weight_smoothing": 0.2438208542345555,
    "novel_multiplier": 12.1697336551724
}