{
    "batch_size": 4096,
    "gamma": 1.807935200035825,
    "center_weight": 0.09688271027354403,
    "lr": 0.0002491518813658871,
    "weight_decay": 0.0034259420669639066,
    "weight_smoothing": 0.7948823223860788,
    "novel_multiplier": 2.9745434559009962,
    "knn_k": 13
}