{
    "batch_size": 1024,
    "gamma": 2.512363898281489,
    "center_weight": 0.05126131728468472,
    "lr": 0.004304778604644834,
    "weight_decay": 9.042520850944943e-05,
    "weight_smoothing": 0.6833513236881034,
    "novel_multiplier": 2.231408176778482
}