{
    "batch_size": 256,
    "gamma": 2.0823571859832963,
    "center_weight": 0.008267962125561218,
    "lr": 0.004670274548337523,
    "weight_decay": 0.00492677663125016,
    "weight_smoothing": 0.21478089671654765,
    "novel_multiplier": 13.608305388266295,
    "novel_bias": 0.37856558578928845
}