{
    "batch_size": 512,
    "gamma": 2.7427651506665938,
    "center_weight": 0.014034052842747622,
    "lr": 0.00039492533002323223,
    "weight_decay": 0.009649524159036159,
    "weight_smoothing": 0.3425106593226268,
    "novel_multiplier": 3.5297960239629482
}