{
    "batch_size": 2048,
    "gamma": 2.9451695081878224,
    "center_weight": 0.0331086876150098,
    "lr": 0.0006350328289085076,
    "weight_decay": 0.006708644410140325,
    "weight_smoothing": 0.5723173936744529,
    "novel_multiplier": 1.3449570458719764
}