{
    "batch_size": 512,
    "gamma": 1.3559331312509355,
    "center_weight": 0.008511985244086294,
    "lr": 0.0034419413742130373,
    "weight_decay": 0.00015136385429769273,
    "weight_smoothing": 0.7954557659818742,
    "novel_multiplier": 2.6079719612937278
}