{
    "batch_size": 1024,
    "gamma": 1.0527967716041968,
    "center_weight": 0.012235750016621317,
    "lr": 0.0002114731299621513,
    "weight_decay": 0.0001742275965898572,
    "weight_smoothing": 0.7895514274690212,
    "novel_multiplier": 7.991035039467528
}