{
    "batch_size": 256,
    "gamma": 1.9972324952041047,
    "center_weight": 0.03709746993262196,
    "lr": 0.0006168371230155788,
    "weight_decay": 2.2581869280267617e-05,
    "weight_smoothing": 0.7785761778938768,
    "novel_multiplier": 12.579599220535025
}