{
    "batch_size": 512,
    "gamma": 1.8510253616414427,
    "center_weight": 0.012905150439399243,
    "lr": 0.002989809351402043,
    "weight_decay": 1.0846758036214683e-05,
    "weight_smoothing": 0.7709893935901033,
    "novel_multiplier": 2.0391416956754407
}