{
    "batch_size": 512,
    "gamma": 0.8456934058813327,
    "center_weight": 0.031734787914024676,
    "lr": 0.002817210567123064,
    "weight_decay": 1.2105461972257762e-05,
    "weight_smoothing": 0.3861675359592917,
    "novel_multiplier": 8.761779265818593
}