{
    "batch_size": 256,
    "gamma": 1.643289063110624,
    "center_weight": 0.01959951376622564,
    "lr": 0.0016664168618675845,
    "weight_decay": 0.0026906396361179212,
    "weight_smoothing": 0.7652311555936289,
    "novel_multiplier": 14.600913634995587
}