{
    "batch_size": 512,
    "gamma": 1.5865275935454093,
    "center_weight": 0.0371514361702668,
    "lr": 0.0021384225562175534,
    "weight_decay": 3.3575193746061406e-05,
    "weight_smoothing": 0.28410665660370493,
    "novel_multiplier": 1.0048537438420975
}