{
    "batch_size": 4096,
    "gamma": 0.5986370441856677,
    "center_weight": 0.0347446754551103,
    "lr": 0.001213485471750605,
    "weight_decay": 0.00024271297156636638,
    "weight_smoothing": 0.23183565469123582,
    "novel_multiplier": 1.5399929242730166
}