{
    "batch_size": 256,
    "gamma": 0.9931612263731378,
    "center_weight": 0.06905369099691895,
    "lr": 0.0021676508858311607,
    "weight_decay": 0.0014740113654678685,
    "weight_smoothing": 0.29825605699341073,
    "novel_multiplier": 2.0369233050851516
}