{
    "batch_size": 256,
    "gamma": 1.5515842184978577,
    "center_weight": 0.09229567410940961,
    "lr": 0.000248717431221573,
    "weight_decay": 8.043313277867492e-05,
    "weight_smoothing": 0.5635873209655917,
    "novel_multiplier": 2.2712539080124485
}