{
    "batch_size": 256,
    "gamma": 2.9282108125432424,
    "center_weight": 0.04096512379715987,
    "lr": 0.000584439950994847,
    "weight_decay": 8.116646813251707e-05,
    "weight_smoothing": 0.4297784746120178,
    "novel_multiplier": 4.615594458365212
}