{
    "batch_size": 512,
    "gamma": 1.9922008129961462,
    "center_weight": 0.024100840227502522,
    "lr": 0.001048083499174183,
    "weight_decay": 0.008561103229558328,
    "weight_smoothing": 0.5361999478143413,
    "novel_multiplier": 3.7747154676503807
}