{
    "batch_size": 256,
    "gamma": 1.3056901954219682,
    "center_weight": 0.01836520533009293,
    "lr": 0.0012824442659618756,
    "weight_decay": 0.00011775557151085135,
    "weight_smoothing": 0.3462141540802811,
    "novel_multiplier": 5.310693283800326
}