{
    "batch_size": 512,
    "gamma": 1.4866847662669795,
    "center_weight": 0.0321842838025832,
    "lr": 0.0010407553200035113,
    "weight_decay": 0.003980399777470083,
    "weight_smoothing": 0.4879186236896707,
    "novel_multiplier": 1.4796565892492188
}