{
    "batch_size": 512,
    "gamma": 0.7266185223128832,
    "center_weight": 0.02909020562341305,
    "lr": 0.0032943912521311543,
    "weight_decay": 5.174814218011946e-05,
    "weight_smoothing": 0.6683364368555722,
    "novel_multiplier": 1.1194520827466716
}