{
    "batch_size": 1024,
    "gamma": 2.580627947590925,
    "center_weight": 0.028365290137279026,
    "lr": 0.004351134823645674,
    "weight_decay": 0.003054107429563069,
    "weight_smoothing": 0.5503699400128665,
    "novel_multiplier": 9.498785088342668
}