{
    "batch_size": 4096,
    "gamma": 2.6637670079284925,
    "center_weight": 0.025474646733943635,
    "lr": 0.002672690821068224,
    "weight_decay": 0.00019663885347186895,
    "weight_smoothing": 0.6994421802503841,
    "novel_multiplier": 13.078987772408198
}