{
    "batch_size": 512,
    "gamma": 1.7112461378820052,
    "center_weight": 0.04043393144785676,
    "lr": 0.002296892904961805,
    "weight_decay": 6.314269748555762e-05,
    "weight_smoothing": 0.7456857255549503,
    "novel_multiplier": 1.320137299575476
}