{
    "batch_size": 512,
    "gamma": 2.527872504797829,
    "center_weight": 0.012432779033699201,
    "lr": 0.0034953391406212534,
    "weight_decay": 2.9953982880751776e-05,
    "weight_smoothing": 0.7294170497668431,
    "novel_multiplier": 2.610401406341638
}