{
    "batch_size": 256,
    "gamma": 2.999733368923301,
    "center_weight": 0.07459544428095319,
    "lr": 0.003113362392548368,
    "weight_decay": 1.1229577649762562e-05,
    "weight_smoothing": 0.6381041451333893,
    "novel_multiplier": 5.811435216499639
}