{
    "batch_size": 256,
    "gamma": 2.1686829091389686,
    "center_weight": 0.05208942462912452,
    "lr": 0.004684954888884777,
    "weight_decay": 0.00324297178984657,
    "weight_smoothing": 0.7910248470023459,
    "novel_multiplier": 12.974986298267117
}