{
    "gamma": 2.3589543243162274,
    "triplet_weight": 0.066982794127409,
    "lr": 0.0004837275725234428,
    "weight_decay": 0.00030948289863715647,
    "weight_smoothing": 0.3372995636672894
}