{
    "batch_size": 2048,
    "gamma": 2.864049347525246,
    "center_weight": 0.006293921903187353,
    "lr": 0.00020613896430521014,
    "weight_decay": 0.005117150111753781,
    "weight_smoothing": 0.5698009281472335,
    "novel_multiplier": 3.5973878609388112
}