{
    "batch_size": 256,
    "gamma": 2.589567609658605,
    "center_weight": 0.05459960790249899,
    "lr": 0.00462386602408168,
    "weight_decay": 0.00012258450140053228,
    "weight_smoothing": 0.7951845041891857,
    "novel_multiplier": 5.507154626894416
}