{
    "batch_size": 2048,
    "gamma": 0.833849189808584,
    "center_weight": 0.007004739219569578,
    "lr": 0.0026910580459589364,
    "weight_decay": 0.0004347346030564222,
    "weight_smoothing": 0.3566099498885168,
    "novel_multiplier": 9.061557249478096
}