{
    "batch_size": 512,
    "gamma": 2.0229271750018905,
    "center_weight": 0.06304546009124909,
    "lr": 0.003230896290391756,
    "weight_decay": 2.748407954098229e-05,
    "weight_smoothing": 0.7637640132239601,
    "novel_multiplier": 1.1197468219663052
}