{
    "batch_size": 512,
    "gamma": 2.3174917553244865,
    "center_weight": 0.05391849127862646,
    "lr": 0.0016383761544481882,
    "weight_decay": 0.0016047935478464268,
    "weight_smoothing": 0.24083818907926657,
    "novel_multiplier": 8.29991653573803
}