{
    "batch_size": 256,
    "gamma": 2.086236669469135,
    "center_weight": 0.008262002243528315,
    "lr": 0.0015614272356320803,
    "weight_decay": 0.0004987318753172815,
    "weight_smoothing": 0.2136297115802822,
    "novel_multiplier": 14.542834580311983
}