{
    "batch_size": 4096,
    "gamma": 1.480071908007871,
    "center_weight": 0.014737927103818221,
    "lr": 0.0022411413492912056,
    "weight_decay": 0.0027018967276740374,
    "weight_smoothing": 0.7712988488995653,
    "novel_multiplier": 2.6568775666553988
}