{
    "batch_size": 256,
    "gamma": 2.1273914085866377,
    "center_weight": 0.055964524189731864,
    "lr": 0.004935713230870586,
    "weight_decay": 8.949318384543527e-05,
    "weight_smoothing": 0.6503221251547731,
    "novel_multiplier": 4.888709879216352
}