{
    "batch_size": 512,
    "gamma": 2.052453402443671,
    "center_weight": 0.06692230521960701,
    "lr": 0.004589066466668694,
    "weight_decay": 0.0006747099853655845,
    "weight_smoothing": 0.5578665300957656,
    "novel_multiplier": 9.924170665762801
}