{
    "gamma": 2.449426992476115,
    "supcon_weight": 0.10326115924745906,
    "temperature": 0.018780756513894412,
    "lr": 0.00032411942424545397,
    "weight_decay": 0.0012705775159765442,
    "weight_smoothing": 0.6999879399289479
}