{
    "supcon_temp": 0.07435145631182326,
    "enc_lr": 0.0011518716922476779,
    "enc_wd": 1.0467691178746256e-05,
    "dropout_rate": 0.24734429723324144,
    "gamma": 2.007182652356168,
    "clf_lr": 0.00023084746786333462,
    "clf_wd": 5.547047907447874e-05,
    "weight_smoothing": 0.2021997268379532
}