{
    "batch_size": 256,
    "gamma": 0.5222923829535465,
    "center_weight": 0.022468489555055482,
    "lr": 0.0009133953662165151,
    "weight_decay": 0.003588545347470977,
    "weight_smoothing": 0.5471274940044941,
    "novel_multiplier": 1.0507465427823954
}