{
    "batch_size": 256,
    "gamma": 2.2618604343681707,
    "center_weight": 0.061349717275611115,
    "lr": 0.0004731418928733803,
    "weight_decay": 0.008276376106655185,
    "weight_smoothing": 0.5312296212640979,
    "novel_multiplier": 13.92458565212976
}